source,target,weight
M0001,M0015,0.9876454076503025
M0001,M0044,0.9871174917264862
M0001,M0027,0.9797851830771961
M0001,M0051,0.9761486068518224
M0001,M0028,0.9697568385766341
M0001,M0030,0.9438043939690567
M0001,M0065,0.9259999976806005
M0001,M0035,0.9223051696712302
M0002,M0059,0.9016120210421026
M0002,M0043,0.8496471913010006
M0002,M0062,0.8102668186765445
M0002,M0026,0.8056180097934175
M0002,M0038,0.7759748435071502
M0002,M0025,0.7729523995933197
M0002,M0010,0.76344436363908
M0002,M0033,0.7163326369041573
M0003,M0066,0.9958189769624254
M0003,M0035,0.9931104634967675
M0003,M0060,0.982199615083835
M0003,M0012,0.9749590237291262
M0003,M0030,0.9620350564934492
M0003,M0028,0.9433309877570105
M0003,M0015,0.9425595597004849
M0003,M0027,0.9235967356453987
M0004,M0019,0.9984404599950727
M0004,M0011,0.9979706385443502
M0004,M0041,0.9839214289530951
M0004,M0047,0.9721375431086047
M0004,M0052,0.928320462019699
M0004,M0042,0.9183584100966986
M0004,M0029,0.8967892824461833
M0004,M0036,0.8186638337067726
M0005,M0053,0.9098219799018803
M0005,M0061,0.8743231624839796
M0005,M0006,0.7612656040369314
M0005,M0018,0.6848213541543424
M0005,M0016,0.6092197979528723
M0005,M0010,0.5868204496759148
M0005,M0038,0.5744879932128469
M0005,M0034,0.5363544171813657
M0006,M0016,0.9140867461085895
M0006,M0034,0.9129859963019035
M0006,M0053,0.9113910035271371
M0006,M0039,0.9095782901355006
M0006,M0056,0.8118432033814144
M0006,M0018,0.8038226685892855
M0006,M0055,0.7637347060626271
M0006,M0005,0.7612656040369314
M0007,M0013,0.9970014639989648
M0007,M0046,0.992951590540668
M0007,M0050,0.9853849061185472
M0007,M0017,0.9776365310690396
M0007,M0024,0.9269840182219442
M0007,M0048,0.9233628409707912
M0007,M0045,0.9099689330729156
M0007,M0064,0.9090595278254865
M0008,M0067,0.9905644091459449
M0008,M0024,0.9691330666570065
M0008,M0056,0.9472104048227662
M0008,M0020,0.9434803885078179
M0008,M0045,0.9289557361240601
M0008,M0022,0.9274939563708742
M0008,M0021,0.9015280526567225
M0008,M0033,0.891599872469449
M0009,M0021,0.9887845833150403
M0009,M0063,0.9878492183421882
M0009,M0020,0.9875398603617956
M0009,M0067,0.9245153613471915
M0009,M0029,0.9148039598467026
M0009,M0068,0.9119736840795096
M0009,M0055,0.9099279437315543
M0009,M0008,0.8901302716954529
M0010,M0038,0.9996040390555776
M0010,M0022,0.9723750718960341
M0010,M0059,0.9595021012099805
M0010,M0018,0.9575259940845687
M0010,M0043,0.9569834727414557
M0010,M0033,0.9562366575825275
M0010,M0056,0.8309607416111272
M0010,M0008,0.8255239088478277
M0011,M0019,0.9997824024830156
M0011,M0004,0.9979706385443502
M0011,M0041,0.9928283331067917
M0011,M0047,0.9811660254107984
M0011,M0052,0.9489542474450071
M0011,M0042,0.9409243212806373
M0011,M0029,0.9198217902707319
M0011,M0036,0.8274803125617457
M0012,M0003,0.9749590237291262
M0012,M0035,0.962893579241864
M0012,M0060,0.9605934325026743
M0012,M0066,0.9537212956147116
M0012,M0030,0.9343056092619118
M0012,M0014,0.9269464439663027
M0012,M0017,0.9256295414186911
M0012,M0064,0.9166926203470139
M0013,M0007,0.9970014639989648
M0013,M0050,0.9942300191806611
M0013,M0046,0.9808980315419268
M0013,M0017,0.961820186727425
M0013,M0024,0.952419112747355
M0013,M0048,0.9366854054212815
M0013,M0045,0.9299901541261475
M0013,M0064,0.8959955047505849
M0014,M0023,0.9959210435166337
M0014,M0036,0.9883148657667771
M0014,M0012,0.9269464439663027
M0014,M0064,0.886655150995217
M0014,M0060,0.8853247517568538
M0014,M0003,0.8495805551430173
M0014,M0047,0.8457863762978522
M0014,M0066,0.8236012281733909
M0015,M0027,0.9923562724657927
M0015,M0001,0.9876454076503025
M0015,M0028,0.9813246248708615
M0015,M0051,0.9770044608472446
M0015,M0030,0.9681304747671131
M0015,M0035,0.9662476046201943
M0015,M0044,0.9563628056915264
M0015,M0065,0.9502324205954646
M0016,M0034,0.9757790571902785
M0016,M0056,0.9755336894766149
M0016,M0039,0.9534525235782988
M0016,M0018,0.9149576567184885
M0016,M0006,0.9140867461085895
M0016,M0055,0.9021056460614326
M0016,M0068,0.8992408421224534
M0016,M0067,0.895882282353722
M0017,M0046,0.9901684271243513
M0017,M0007,0.9776365310690396
M0017,M0013,0.961820186727425
M0017,M0064,0.95984295869372
M0017,M0050,0.9471398306048603
M0017,M0030,0.9292642324275504
M0017,M0012,0.9256295414186911
M0017,M0048,0.9055431199991499
M0018,M0022,0.9666968672944302
M0018,M0010,0.9575259940845687
M0018,M0038,0.9492762440735392
M0018,M0056,0.9198312359870772
M0018,M0016,0.9149576567184885
M0018,M0053,0.8956903784397178
M0018,M0033,0.8808662490566898
M0018,M0059,0.8486252238664662
M0019,M0011,0.9997824024830156
M0019,M0004,0.9984404599950727
M0019,M0041,0.9923069886782241
M0019,M0047,0.9769810174506501
M0019,M0052,0.944154822376098
M0019,M0042,0.9372173645570084
M0019,M0029,0.9189791517598447
M0019,M0036,0.8172818195577445
M0020,M0009,0.9875398603617956
M0020,M0021,0.9753138994891244
M0020,M0063,0.969905929275671
M0020,M0067,0.9603574201630898
M0020,M0008,0.9434803885078179
M0020,M0045,0.9384733420769406
M0020,M0029,0.921488098268307
M0020,M0048,0.9080237493506927
M0021,M0009,0.9887845833150403
M0021,M0020,0.9753138994891244
M0021,M0068,0.960406282536906
M0021,M0055,0.9591422173631193
M0021,M0063,0.9550066815435851
M0021,M0067,0.9446224400535624
M0021,M0008,0.9015280526567225
M0021,M0056,0.8923175481749314
M0022,M0010,0.9723750718960341
M0022,M0038,0.9690237224288266
M0022,M0018,0.9666968672944302
M0022,M0033,0.9647503176900907
M0022,M0008,0.9274939563708742
M0022,M0056,0.9239727342641118
M0022,M0043,0.9112036209664
M0022,M0024,0.900405112050939
M0023,M0014,0.9959210435166337
M0023,M0036,0.9789667397786428
M0023,M0012,0.908168340933852
M0023,M0060,0.88672505162026
M0023,M0064,0.8450228190010435
M0023,M0003,0.8374824722445506
M0023,M0066,0.8168511262270334
M0023,M0047,0.8111328543887001
M0024,M0050,0.972106494266425
M0024,M0008,0.9691330666570065
M0024,M0045,0.9641265449777743
M0024,M0013,0.952419112747355
M0024,M0048,0.9436832581986491
M0024,M0067,0.9298520047542205
M0024,M0007,0.9269840182219442
M0024,M0033,0.9256098279671052
M0025,M0026,0.9762705435865363
M0025,M0062,0.9609897140516984
M0025,M0044,0.8294704444976901
M0025,M0037,0.7843249158917105
M0025,M0002,0.7729523995933197
M0025,M0001,0.7654723755728792
M0025,M0051,0.696794737384638
M0025,M0015,0.6738167815222552
M0026,M0062,0.9980140283379826
M0026,M0025,0.9762705435865363
M0026,M0037,0.8914675112090321
M0026,M0044,0.878892677976109
M0026,M0001,0.8400826474824924
M0026,M0002,0.8056180097934175
M0026,M0051,0.7998417204388171
M0026,M0028,0.762442771807364
M0027,M0015,0.9923562724657927
M0027,M0065,0.9798079281896656
M0027,M0001,0.9797851830771961
M0027,M0044,0.9609635216747001
M0027,M0028,0.9506785204268068
M0027,M0051,0.9453375067295263
M0027,M0035,0.9418686028566597
M0027,M0066,0.9404172152826318
M0028,M0051,0.9975397164940542
M0028,M0030,0.9952110299732891
M0028,M0015,0.9813246248708615
M0028,M0035,0.9750514503535335
M0028,M0001,0.9697568385766341
M0028,M0027,0.9506785204268068
M0028,M0003,0.9433309877570105
M0028,M0066,0.9329887002487425
M0029,M0042,0.9837730203754343
M0029,M0052,0.9642101343958412
M0029,M0041,0.9590979734891957
M0029,M0063,0.9564010909851425
M0029,M0048,0.9346974905880366
M0029,M0045,0.9289202416498747
M0029,M0020,0.921488098268307
M0029,M0011,0.9198217902707319
M0030,M0028,0.9952110299732891
M0030,M0051,0.9872231656161632
M0030,M0035,0.9868246704872712
M0030,M0015,0.9681304747671131
M0030,M0003,0.9620350564934492
M0030,M0066,0.9471679831143647
M0030,M0001,0.9438043939690567
M0030,M0012,0.9343056092619118
M0031,M0023,0.7260083128142164
M0031,M0014,0.6776643676153465
M0031,M0036,0.6709555388212328
M0031,M0058,0.6659114049401369
M0031,M0060,0.5302935335782234
M0031,M0012,0.4800819666568729
M0031,M0047,0.4718116083949592
M0031,M0004,0.4337881116409841
M0032,M0054,0.9958042275234562
M0032,M0057,0.9834432377921707
M0032,M0068,0.9216607278799923
M0032,M0055,0.9203542496961525
M0032,M0039,0.8643958267522384
M0032,M0021,0.8432642376815764
M0032,M0034,0.833557470749536
M0032,M0009,0.7953384127307782
M0033,M0043,0.9701734178261623
M0033,M0022,0.9647503176900907
M0033,M0038,0.9600488842651854
M0033,M0010,0.9562366575825275
M0033,M0024,0.9256098279671052
M0033,M0059,0.9252761246580066
M0033,M0008,0.891599872469449
M0033,M0013,0.8812072017351003
M0034,M0039,0.9959693977168737
M0034,M0016,0.9757790571902785
M0034,M0055,0.9529513039330131
M0034,M0068,0.9507303713383864
M0034,M0056,0.9358006618782123
M0034,M0006,0.9129859963019035
M0034,M0067,0.8609187126906707
M0034,M0021,0.8593951696299508
M0035,M0003,0.9931104634967675
M0035,M0030,0.9868246704872712
M0035,M0066,0.9856680121459225
M0035,M0028,0.9750514503535335
M0035,M0015,0.9662476046201943
M0035,M0012,0.962893579241864
M0035,M0051,0.9574779776612957
M0035,M0060,0.9541355237075693
M0036,M0014,0.9883148657667771
M0036,M0023,0.9789667397786428
M0036,M0047,0.9069579175555382
M0036,M0064,0.8944970640723735
M0036,M0012,0.8821196502672187
M0036,M0052,0.8610336701894885
M0036,M0011,0.8274803125617457
M0036,M0004,0.8186638337067726
M0037,M0051,0.9384997951122216
M0037,M0062,0.9164091937477682
M0037,M0028,0.9159966706417473
M0037,M0001,0.8990823627331229
M0037,M0046,0.8969924895982971
M0037,M0030,0.8931797792571985
M0037,M0026,0.8914675112090321
M0037,M0007,0.8821063293757142
M0038,M0010,0.9996040390555776
M0038,M0022,0.9690237224288266
M0038,M0059,0.9661427318069479
M0038,M0043,0.9645018772364553
M0038,M0033,0.9600488842651854
M0038,M0018,0.9492762440735392
M0038,M0008,0.8208576196481062
M0038,M0056,0.820010318106993
M0039,M0034,0.9959693977168737
M0039,M0055,0.9536825759817967
M0039,M0016,0.9534525235782988
M0039,M0068,0.9516211742476605
M0039,M0006,0.9095782901355006
M0039,M0056,0.9035733327365931
M0039,M0032,0.8643958267522384
M0039,M0021,0.8468213960990812
M0040,M0065,0.9740714746212947
M0040,M0027,0.935011715492617
M0040,M0044,0.908357799213704
M0040,M0015,0.8873779973184273
M0040,M0001,0.8848275403616547
M0040,M0066,0.8193411831509948
M0040,M0028,0.7927172249105904
M0040,M0051,0.7892142165307231
M0041,M0011,0.9928283331067917
M0041,M0019,0.9923069886782241
M0041,M0004,0.9839214289530951
M0041,M0047,0.9786290970830018
M0041,M0052,0.9710702696761027
M0041,M0042,0.9706703846502295
M0041,M0029,0.9590979734891957
M0041,M0063,0.8670519825025801
M0042,M0052,0.995779541793883
M0042,M0029,0.9837730203754343
M0042,M0041,0.9706703846502295
M0042,M0047,0.9600614370492684
M0042,M0048,0.9453159662397175
M0042,M0011,0.9409243212806373
M0042,M0019,0.9372173645570084
M0042,M0045,0.9239088709379553
M0043,M0059,0.9841667209044335
M0043,M0033,0.9701734178261623
M0043,M0038,0.9645018772364553
M0043,M0010,0.9569834727414557
M0043,M0022,0.9112036209664
M0043,M0037,0.8496581765081387
M0043,M0002,0.8496471913010006
M0043,M0018,0.8422311541591532
M0044,M0001,0.9871174917264862
M0044,M0027,0.9609635216747001
M0044,M0015,0.9563628056915264
M0044,M0051,0.9335659361120626
M0044,M0028,0.9204585157395326
M0044,M0065,0.9166655322132249
M0044,M0040,0.908357799213704
M0044,M0062,0.8839077240667745
M0045,M0048,0.9947362206977081
M0045,M0024,0.9641265449777743
M0045,M0050,0.963099397800799
M0045,M0020,0.9384733420769406
M0045,M0013,0.9299901541261475
M0045,M0008,0.9289557361240601
M0045,M0029,0.9289202416498747
M0045,M0042,0.9239088709379553
M0046,M0007,0.992951590540668
M0046,M0017,0.9901684271243513
M0046,M0013,0.9808980315419268
M0046,M0050,0.9603432337166388
M0046,M0030,0.9319560684110294
M0046,M0064,0.9168804925547342
M0046,M0028,0.9131316711650559
M0046,M0051,0.9101429646122223
M0047,M0011,0.9811660254107984
M0047,M0041,0.9786290970830018
M0047,M0052,0.9773760608995838
M0047,M0019,0.9769810174506501
M0047,M0004,0.9721375431086047
M0047,M0042,0.9600614370492684
M0047,M0029,0.9138249632472821
M0047,M0036,0.9069579175555382
M0048,M0045,0.9947362206977081
M0048,M0050,0.9656022546884016
M0048,M0042,0.9453159662397175
M0048,M0024,0.9436832581986491
M0048,M0013,0.9366854054212815
M0048,M0029,0.9346974905880366
M0048,M0052,0.9303260493393809
M0048,M0064,0.9302995824243133
M0049,M0069,0.9313626444360225
M0049,M0057,0.7036820514270379
M0049,M0054,0.6707838267474845
M0049,M0063,0.6350514951395451
M0049,M0032,0.6187708742714572
M0049,M0004,0.6143023934825312
M0049,M0019,0.6124734303300214
M0049,M0011,0.5999356689332268
M0050,M0013,0.9942300191806611
M0050,M0007,0.9853849061185472
M0050,M0024,0.972106494266425
M0050,M0048,0.9656022546884016
M0050,M0045,0.963099397800799
M0050,M0046,0.9603432337166388
M0050,M0017,0.9471398306048603
M0050,M0064,0.9031892642620771
M0051,M0028,0.9975397164940542
M0051,M0030,0.9872231656161632
M0051,M0015,0.9770044608472446
M0051,M0001,0.9761486068518224
M0051,M0035,0.9574779776612957
M0051,M0027,0.9453375067295263
M0051,M0037,0.9384997951122216
M0051,M0044,0.9335659361120626
M0052,M0042,0.995779541793883
M0052,M0047,0.9773760608995838
M0052,M0041,0.9710702696761027
M0052,M0029,0.9642101343958412
M0052,M0011,0.9489542474450071
M0052,M0019,0.944154822376098
M0052,M0064,0.9401441714692179
M0052,M0048,0.9303260493393809
M0053,M0006,0.9113910035271371
M0053,M0005,0.9098219799018803
M0053,M0018,0.8956903784397178
M0053,M0061,0.8522500485711079
M0053,M0016,0.8503489445593316
M0053,M0010,0.7835272830439713
M0053,M0034,0.7727548875308967
M0053,M0056,0.7708445731341524
M0054,M0032,0.9958042275234562
M0054,M0057,0.995163103894346
M0054,M0068,0.8955112991712165
M0054,M0055,0.8936492956522282
M0054,M0021,0.8278802330355602
M0054,M0039,0.8202356573182954
M0054,M0009,0.7880615496171072
M0054,M0034,0.787847836046569
M0055,M0068,0.999972236032501
M0055,M0021,0.9591422173631193
M0055,M0039,0.9536825759817967
M0055,M0034,0.9529513039330131
M0055,M0032,0.9203542496961525
M0055,M0009,0.9099279437315543
M0055,M0056,0.9073574181039338
M0055,M0016,0.9021056460614326
M0056,M0016,0.9755336894766149
M0056,M0067,0.9679792339537538
M0056,M0008,0.9472104048227662
M0056,M0034,0.9358006618782123
M0056,M0022,0.9239727342641118
M0056,M0018,0.9198312359870772
M0056,M0055,0.9073574181039338
M0056,M0068,0.9054173617808315
M0057,M0054,0.995163103894346
M0057,M0032,0.9834432377921707
M0057,M0068,0.8512573961178305
M0057,M0055,0.8490563849695605
M0057,M0021,0.7836257050604707
M0057,M0039,0.7703835011627604
M0057,M0009,0.7478222592076723
M0057,M0034,0.7342640733741349
M0058,M0060,0.8773273506640864
M0058,M0066,0.8208071774052792
M0058,M0003,0.7889862275168336
M0058,M0023,0.779100922511089
M0058,M0065,0.7692594887736969
M0058,M0014,0.7427523085161329
M0058,M0012,0.7412463309806484
M0058,M0035,0.7285163829141245
M0059,M0043,0.9841667209044335
M0059,M0038,0.9661427318069479
M0059,M0010,0.9595021012099805
M0059,M0033,0.9252761246580066
M0059,M0002,0.9016120210421026
M0059,M0022,0.8836392043471876
M0059,M0018,0.8486252238664662
M0059,M0037,0.778671277591194
M0060,M0066,0.9855392719042925
M0060,M0003,0.982199615083835
M0060,M0012,0.9605934325026743
M0060,M0035,0.9541355237075693
M0060,M0030,0.8963775016779538
M0060,M0023,0.88672505162026
M0060,M0014,0.8853247517568538
M0060,M0015,0.884938231347243
M0061,M0005,0.8743231624839796
M0061,M0053,0.8522500485711079
M0061,M0018,0.7715174653785857
M0061,M0010,0.7688732734272432
M0061,M0038,0.7637564565403661
M0061,M0059,0.7587826095600156
M0061,M0002,0.6939941976867788
M0061,M0043,0.6655403075550882
M0062,M0026,0.9980140283379826
M0062,M0025,0.9609897140516984
M0062,M0037,0.9164091937477682
M0062,M0044,0.8839077240667745
M0062,M0001,0.8533847989921741
M0062,M0051,0.8233260007034527
M0062,M0002,0.8102668186765445
M0062,M0028,0.7867098723076823
M0063,M0009,0.9878492183421882
M0063,M0020,0.969905929275671
M0063,M0029,0.9564010909851425
M0063,M0021,0.9550066815435851
M0063,M0042,0.8918678796267049
M0063,M0045,0.8863304005783028
M0063,M0067,0.87106521674674
M0063,M0041,0.8670519825025801
M0064,M0017,0.95984295869372
M0064,M0052,0.9401441714692179
M0064,M0048,0.9302995824243133
M0064,M0042,0.9224721324276652
M0064,M0046,0.9168804925547342
M0064,M0012,0.9166926203470139
M0064,M0007,0.9090595278254865
M0064,M0050,0.9031892642620771
M0065,M0027,0.9798079281896656
M0065,M0040,0.9740714746212947
M0065,M0015,0.9502324205954646
M0065,M0001,0.9259999976806005
M0065,M0066,0.9222771256495499
M0065,M0044,0.9166655322132249
M0065,M0035,0.893555798455335
M0065,M0003,0.8908952164522189
M0066,M0003,0.9958189769624254
M0066,M0035,0.9856680121459225
M0066,M0060,0.9855392719042925
M0066,M0012,0.9537212956147116
M0066,M0015,0.9489184639084591
M0066,M0030,0.9471679831143647
M0066,M0027,0.9404172152826318
M0066,M0028,0.9329887002487425
M0067,M0008,0.9905644091459449
M0067,M0056,0.9679792339537538
M0067,M0020,0.9603574201630898
M0067,M0021,0.9446224400535624
M0067,M0024,0.9298520047542205
M0067,M0009,0.9245153613471915
M0067,M0045,0.9012824249568215
M0067,M0022,0.8995019609846759
M0068,M0055,0.999972236032501
M0068,M0021,0.960406282536906
M0068,M0039,0.9516211742476605
M0068,M0034,0.9507303713383864
M0068,M0032,0.9216607278799923
M0068,M0009,0.9119736840795096
M0068,M0056,0.9054173617808315
M0068,M0016,0.8992408421224534
M0069,M0049,0.9313626444360225
M0069,M0057,0.5526171292796481
M0069,M0054,0.5075820433552546
M0069,M0070,0.4798105928965706
M0069,M0032,0.4545424088747969
M0069,M0004,0.42618878873423893
M0069,M0019,0.4193000590033624
M0069,M0063,0.41322341541416846
M0070,M0069,0.4798105928965706
M0070,M0057,0.45010278831126904
M0070,M0054,0.39845361330105283
M0070,M0049,0.3916791330354194
M0070,M0032,0.3666728839139311
M0070,M0068,0.19071043465705026
M0070,M0055,0.18949278940013187
M0070,M0039,0.16907854861389834
M0071,M0077,0.9468464230969794
M0071,M0116,0.9272289447124775
M0071,M0078,0.8825481563790009
M0071,M0086,0.8167250086698987
M0071,M0128,0.7539933013126512
M0071,M0085,0.7299350568062193
M0071,M0117,0.7244160718798937
M0071,M0130,0.7169372354766004
M0072,M0084,0.9710875379134777
M0072,M0114,0.9519278176149185
M0072,M0091,0.8787129383149416
M0072,M0080,0.8595170978880936
M0072,M0104,0.8480637620208414
M0072,M0096,0.8366999890952415
M0072,M0107,0.8351366711958718
M0072,M0103,0.8322463073574958
M0073,M0122,0.9640092605022382
M0073,M0090,0.9624668761770171
M0073,M0128,0.9614231664390372
M0073,M0098,0.958249967722743
M0073,M0130,0.9348492990757304
M0073,M0086,0.9345205015286427
M0073,M0117,0.9306179503272135
M0073,M0112,0.8647282960886157
M0074,M0101,0.8968101351557207
M0074,M0075,0.8945519201092077
M0074,M0110,0.7961973368318012
M0074,M0111,0.7245674559583735
M0074,M0079,0.7055657965135032
M0074,M0125,0.688352889843752
M0074,M0093,0.6784110826665747
M0074,M0119,0.6023419791377744
M0075,M0111,0.9418572733022539
M0075,M0079,0.9355903338106065
M0075,M0074,0.8945519201092077
M0075,M0101,0.8842528253239517
M0075,M0119,0.8666935707345094
M0075,M0093,0.8518080175656332
M0075,M0123,0.8355602632160484
M0075,M0115,0.8084450428950425
M0076,M0126,0.9559735090912593
M0076,M0117,0.851684079375809
M0076,M0112,0.8467213007699821
M0076,M0116,0.8225840892998877
M0076,M0128,0.7883788672379746
M0076,M0088,0.7182600640945755
M0076,M0083,0.6914163064040905
M0076,M0073,0.640439662538976
M0077,M0071,0.9468464230969794
M0077,M0086,0.933841433726635
M0077,M0116,0.9012950444271834
M0077,M0085,0.8856865804188332
M0077,M0130,0.8762407774803594
M0077,M0129,0.8588444348011479
M0077,M0128,0.8217190530465169
M0077,M0098,0.7838438713568934
M0078,M0071,0.8825481563790009
M0078,M0077,0.7499747335245753
M0078,M0116,0.6905381692402188
M0078,M0085,0.5554910330725981
M0078,M0082,0.5463938461631034
M0078,M0127,0.5443614782473105
M0078,M0086,0.5376752121683412
M0078,M0088,0.5362639511541075
M0079,M0119,0.9845963951489042
M0079,M0111,0.9828031997523091
M0079,M0115,0.9483959029817489
M0079,M0123,0.9448905568513795
M0079,M0121,0.9362843994907071
M0079,M0075,0.9355903338106065
M0079,M0083,0.9345011972959828
M0079,M0093,0.8928951582348897
M0080,M0096,0.9965334335244048
M0080,M0092,0.9912600028690283
M0080,M0100,0.9879802385101817
M0080,M0114,0.9571966021274706
M0080,M0084,0.9315115209785243
M0080,M0095,0.909559213290764
M0080,M0124,0.9070397971084042
M0080,M0081,0.9029027867808119
M0081,M0121,0.9659808439244025
M0081,M0100,0.9568943040936732
M0081,M0115,0.955113515110127
M0081,M0124,0.9330852103320678
M0081,M0092,0.9125946604828178
M0081,M0119,0.9037523511881909
M0081,M0080,0.9029027867808119
M0081,M0096,0.9004425723200393
M0082,M0127,0.9859752588434741
M0082,M0102,0.9420729635216435
M0082,M0129,0.8715144802568773
M0082,M0085,0.8514614191781518
M0082,M0077,0.6721124355565742
M0082,M0118,0.5715789069519663
M0082,M0071,0.5671050299818128
M0082,M0130,0.553853789703409
M0083,M0123,0.9766318423106508
M0083,M0119,0.9628177616913228
M0083,M0079,0.9345011972959828
M0083,M0115,0.9314336430229789
M0083,M0121,0.9295980616259721
M0083,M0112,0.9044119633180958
M0083,M0093,0.8876019531344755
M0083,M0111,0.8729586049412256
M0084,M0114,0.9963199586142222
M0084,M0072,0.9710875379134777
M0084,M0080,0.9315115209785243
M0084,M0096,0.9055637810918608
M0084,M0100,0.8847111570285888
M0084,M0092,0.8810763025917783
M0084,M0124,0.8701675228725251
M0084,M0095,0.7957868901557935
M0085,M0129,0.9980411439258633
M0085,M0102,0.9224684680462574
M0085,M0127,0.9211183337204175
M0085,M0077,0.8856865804188332
M0085,M0130,0.8731244254700173
M0085,M0118,0.8634334771980903
M0085,M0082,0.8514614191781518
M0085,M0086,0.8508455580998382
M0086,M0130,0.9797009861806137
M0086,M0098,0.9403259638847351
M0086,M0128,0.9345775201121093
M0086,M0073,0.9345205015286427
M0086,M0077,0.933841433726635
M0086,M0122,0.8848504566103764
M0086,M0116,0.8819793938052191
M0086,M0117,0.8819633791737127
M0087,M0109,0.9091287471468009
M0087,M0105,0.9076098066292734
M0087,M0088,0.8419292655594484
M0087,M0108,0.5592101410310372
M0087,M0076,0.41761438531138184
M0087,M0126,0.39114668988979295
M0087,M0113,0.34516055089057956
M0087,M0078,0.2886224872856015
M0088,M0105,0.971430704709884
M0088,M0087,0.8419292655594484
M0088,M0076,0.7182600640945755
M0088,M0126,0.6336054249322187
M0088,M0116,0.6046005878261159
M0088,M0109,0.602865989046637
M0088,M0071,0.5623086247840492
M0088,M0108,0.554806592114346
M0089,M0095,0.9930381136733714
M0089,M0107,0.9771610942037139
M0089,M0096,0.9066042175141773
M0089,M0092,0.9040677283761597
M0089,M0080,0.8817958653607638
M0089,M0122,0.8744822708089249
M0089,M0090,0.8741210514306716
M0089,M0091,0.8681395159104549
M0090,M0122,0.996965178170602
M0090,M0098,0.9674162274714321
M0090,M0073,0.9624668761770171
M0090,M0092,0.9421600516033795
M0090,M0095,0.922657635036519
M0090,M0096,0.9226468864282131
M0090,M0100,0.9116005147763079
M0090,M0130,0.9081873713781994
M0091,M0104,0.9977819034106555
M0091,M0107,0.9479948060210778
M0091,M0072,0.8787129383149416
M0091,M0089,0.8681395159104549
M0091,M0095,0.8154603328614453
M0091,M0084,0.7842611382886131
M0091,M0106,0.7754800740563601
M0091,M0114,0.766119708408767
M0092,M0096,0.9982628317778299
M0092,M0080,0.9912600028690283
M0092,M0100,0.9870280461495367
M0092,M0090,0.9421600516033795
M0092,M0095,0.937460982045221
M0092,M0122,0.9191427618123057
M0092,M0114,0.9135991913727123
M0092,M0081,0.9125946604828178
M0093,M0123,0.963946854584967
M0093,M0125,0.9462098414326142
M0093,M0079,0.8928951582348897
M0093,M0083,0.8876019531344755
M0093,M0075,0.8518080175656332
M0093,M0119,0.8485809788806883
M0093,M0111,0.8109621181361415
M0093,M0115,0.7591661182266747
M0094,M0082,0.5452780812010494
M0094,M0186,0.4571204768063359
M0094,M0127,0.45326163908278544
M0094,M0078,0.44654515339258616
M0094,M0102,0.3525792156400094
M0094,M0193,0.3345448368791062
M0094,M0129,0.2899947246337252
M0094,M0085,0.2801996479280629
M0095,M0089,0.9930381136733714
M0095,M0107,0.9467439598030787
M0095,M0092,0.937460982045221
M0095,M0096,0.9354448056200759
M0095,M0090,0.922657635036519
M0095,M0122,0.921493967333629
M0095,M0080,0.909559213290764
M0095,M0118,0.8804612174465795
M0096,M0092,0.9982628317778299
M0096,M0080,0.9965334335244048
M0096,M0100,0.9855480287250118
M0096,M0095,0.9354448056200759
M0096,M0114,0.9343460403677328
M0096,M0090,0.9226468864282131
M0096,M0089,0.9066042175141773
M0096,M0084,0.9055637810918608
M0097,M0103,0.8358515807003362
M0097,M0072,0.7749426204470413
M0097,M0091,0.747987124302177
M0097,M0104,0.7243733758475674
M0097,M0084,0.6461778931313716
M0097,M0114,0.5963567673321796
M0097,M0107,0.5668984774912299
M0097,M0089,0.4658000919679522
M0098,M0122,0.9836434633278596
M0098,M0130,0.9820469703032362
M0098,M0090,0.9674162274714321
M0098,M0073,0.958249967722743
M0098,M0118,0.9443117616565478
M0098,M0086,0.9403259638847351
M0098,M0095,0.879667346067791
M0098,M0128,0.8735153978666513
M0099,M0120,0.8492257436469972
M0099,M0106,0.8134631186928776
M0099,M0102,0.6885250244606087
M0099,M0127,0.563431002046253
M0099,M0129,0.548892537208583
M0099,M0118,0.5475087561152391
M0099,M0082,0.5252271799688477
M0099,M0085,0.5165727753549442
M0100,M0080,0.9879802385101817
M0100,M0092,0.9870280461495367
M0100,M0096,0.9855480287250118
M0100,M0081,0.9568943040936732
M0100,M0124,0.9343814866610206
M0100,M0114,0.9196389608137213
M0100,M0090,0.9116005147763079
M0100,M0121,0.8957105233345874
M0101,M0110,0.9676836570726304
M0101,M0074,0.8968101351557207
M0101,M0075,0.8842528253239517
M0101,M0111,0.8088249212791901
M0101,M0079,0.7363702143090316
M0101,M0124,0.6705613438770716
M0101,M0119,0.6606190911164451
M0101,M0115,0.6333829149424003
M0102,M0127,0.9761629406245202
M0102,M0129,0.9439061490833306
M0102,M0082,0.9420729635216435
M0102,M0085,0.9224684680462574
M0102,M0118,0.7448338687832708
M0102,M0099,0.6885250244606087
M0102,M0077,0.6866903851921788
M0102,M0130,0.6747816098479981
M0103,M0097,0.8358515807003362
M0103,M0072,0.8322463073574958
M0103,M0084,0.7907160773858215
M0103,M0114,0.7460641162420547
M0103,M0110,0.6602582123756758
M0103,M0091,0.6043987367973191
M0103,M0124,0.5760815655846605
M0103,M0080,0.5695498757186678
M0104,M0091,0.9977819034106555
M0104,M0107,0.9494700453562662
M0104,M0089,0.8667892808511805
M0104,M0072,0.8480637620208414
M0104,M0095,0.8113142223736569
M0104,M0106,0.8100912154709219
M0104,M0120,0.7586128283297687
M0104,M0084,0.7503919802513085
M0105,M0088,0.971430704709884
M0105,M0087,0.9076098066292734
M0105,M0109,0.6808560866078286
M0105,M0076,0.5738180555425961
M0105,M0078,0.5195250368816702
M0105,M0126,0.4923181733699972
M0105,M0116,0.49065722499814746
M0105,M0071,0.4860200296900155
M0106,M0120,0.9911991470868392
M0106,M0099,0.8134631186928776
M0106,M0107,0.8114643970894206
M0106,M0104,0.8100912154709219
M0106,M0091,0.7754800740563601
M0106,M0089,0.7481856172240491
M0106,M0118,0.6964367908197044
M0106,M0095,0.6909525853336138
M0107,M0089,0.9771610942037139
M0107,M0104,0.9494700453562662
M0107,M0091,0.9479948060210778
M0107,M0095,0.9467439598030787
M0107,M0096,0.8412974052047162
M0107,M0072,0.8351366711958718
M0107,M0092,0.8298335934224302
M0107,M0080,0.8223286318837055
M0108,M0113,0.9241016558283709
M0108,M0126,0.6842723179455263
M0108,M0076,0.5603877399711144
M0108,M0087,0.5592101410310372
M0108,M0088,0.554806592114346
M0108,M0109,0.5347137989231752
M0108,M0105,0.4804160308017355
M0108,M0125,0.44601583674473955
M0109,M0087,0.9091287471468009
M0109,M0105,0.6808560866078286
M0109,M0088,0.602865989046637
M0109,M0108,0.5347137989231752
M0109,M0113,0.3558683715216654
M0109,M0126,0.2560560165433859
M0109,M0076,0.25082553269247565
M0109,M0116,0.13477274067269696
M0110,M0101,0.9676836570726304
M0110,M0074,0.7961973368318012
M0110,M0075,0.7566622663198886
M0110,M0111,0.6973685654884527
M0110,M0103,0.6602582123756758
M0110,M0079,0.6053936199350646
M0110,M0124,0.6018093687409967
M0110,M0119,0.540209715308742
M0111,M0079,0.9828031997523091
M0111,M0119,0.9664554588604294
M0111,M0115,0.949437221730033
M0111,M0075,0.9418572733022539
M0111,M0121,0.936680488835399
M0111,M0124,0.921244920489818
M0111,M0083,0.8729586049412256
M0111,M0123,0.8725550883188229
M0112,M0117,0.9457623613032318
M0112,M0128,0.9076756211478547
M0112,M0083,0.9044119633180958
M0112,M0081,0.8855720507131667
M0112,M0073,0.8647282960886157
M0112,M0076,0.8467213007699821
M0112,M0121,0.8422848782367561
M0112,M0115,0.829107477830689
M0113,M0108,0.9241016558283709
M0113,M0126,0.5587904068944917
M0113,M0125,0.5489036013354495
M0113,M0093,0.4569789466021433
M0113,M0076,0.4079207206771991
M0113,M0123,0.3787567973293384
M0113,M0109,0.3558683715216654
M0113,M0087,0.34516055089057956
M0114,M0084,0.9963199586142222
M0114,M0080,0.9571966021274706
M0114,M0072,0.9519278176149185
M0114,M0096,0.9343460403677328
M0114,M0100,0.9196389608137213
M0114,M0092,0.9135991913727123
M0114,M0124,0.8983526366383556
M0114,M0095,0.8205016957829571
M0115,M0121,0.9991936786794354
M0115,M0119,0.9855344556571065
M0115,M0124,0.9621371823936692
M0115,M0081,0.955113515110127
M0115,M0111,0.949437221730033
M0115,M0079,0.9483959029817489
M0115,M0083,0.9314336430229789
M0115,M0100,0.882442850762116
M0116,M0071,0.9272289447124775
M0116,M0128,0.9153743861337745
M0116,M0117,0.9100714542376591
M0116,M0077,0.9012950444271834
M0116,M0086,0.8819793938052191
M0116,M0076,0.8225840892998877
M0116,M0073,0.7978392848890018
M0116,M0130,0.7811246843127116
M0117,M0128,0.9906990775880309
M0117,M0112,0.9457623613032318
M0117,M0073,0.9306179503272135
M0117,M0116,0.9100714542376591
M0117,M0086,0.8819633791737127
M0117,M0076,0.851684079375809
M0117,M0130,0.8180983361302476
M0117,M0098,0.8124866019686677
M0118,M0098,0.9443117616565478
M0118,M0130,0.9364480797450484
M0118,M0122,0.9033315495959109
M0118,M0095,0.8804612174465795
M0118,M0090,0.8725223455601377
M0118,M0085,0.8634334771980903
M0118,M0089,0.8622886136189821
M0118,M0129,0.8565381409907583
M0119,M0115,0.9855344556571065
M0119,M0079,0.9845963951489042
M0119,M0121,0.9798494892757627
M0119,M0111,0.9664554588604294
M0119,M0083,0.9628177616913228
M0119,M0123,0.9388225192074225
M0119,M0124,0.9150951029263261
M0119,M0081,0.9037523511881909
M0120,M0106,0.9911991470868392
M0120,M0099,0.8492257436469972
M0120,M0104,0.7586128283297687
M0120,M0107,0.7419296274760997
M0120,M0091,0.7207764249858679
M0120,M0089,0.6704466019069438
M0120,M0118,0.6283787515206213
M0120,M0095,0.6108823011787806
M0121,M0115,0.9991936786794354
M0121,M0119,0.9798494892757627
M0121,M0081,0.9659808439244025
M0121,M0124,0.9623193149014609
M0121,M0111,0.936680488835399
M0121,M0079,0.9362843994907071
M0121,M0083,0.9295980616259721
M0121,M0100,0.8957105233345874
M0122,M0090,0.996965178170602
M0122,M0098,0.9836434633278596
M0122,M0073,0.9640092605022382
M0122,M0130,0.9347858680286036
M0122,M0095,0.921493967333629
M0122,M0092,0.9191427618123057
M0122,M0118,0.9033315495959109
M0122,M0096,0.8977816401517403
M0123,M0083,0.9766318423106508
M0123,M0093,0.963946854584967
M0123,M0079,0.9448905568513795
M0123,M0119,0.9388225192074225
M0123,M0115,0.8774378029549719
M0123,M0111,0.8725550883188229
M0123,M0121,0.8686301220173903
M0123,M0075,0.8355602632160484
M0124,M0121,0.9623193149014609
M0124,M0115,0.9621371823936692
M0124,M0100,0.9343814866610206
M0124,M0081,0.9330852103320678
M0124,M0111,0.921244920489818
M0124,M0119,0.9150951029263261
M0124,M0080,0.9070397971084042
M0124,M0114,0.8983526366383556
M0125,M0093,0.9462098414326142
M0125,M0123,0.8343284667464054
M0125,M0075,0.7674770301603472
M0125,M0079,0.7422714606669646
M0125,M0083,0.7156427232045326
M0125,M0074,0.688352889843752
M0125,M0119,0.6705036534442073
M0125,M0111,0.6550004510412676
M0126,M0076,0.9559735090912593
M0126,M0112,0.816686232394037
M0126,M0083,0.7565514549184523
M0126,M0117,0.7459234520951596
M0126,M0123,0.7380559322127103
M0126,M0108,0.6842723179455263
M0126,M0093,0.6762328584832102
M0126,M0128,0.6664315981050748
M0127,M0082,0.9859752588434741
M0127,M0102,0.9761629406245202
M0127,M0129,0.937568762639592
M0127,M0085,0.9211183337204175
M0127,M0077,0.7387164287900494
M0127,M0118,0.6729394622512704
M0127,M0130,0.6511605194283813
M0127,M0086,0.631306317823317
M0128,M0117,0.9906990775880309
M0128,M0073,0.9614231664390372
M0128,M0086,0.9345775201121093
M0128,M0116,0.9153743861337745
M0128,M0112,0.9076756211478547
M0128,M0130,0.8835685585916748
M0128,M0098,0.8735153978666513
M0128,M0122,0.8604773146270039
M0129,M0085,0.9980411439258633
M0129,M0102,0.9439061490833306
M0129,M0127,0.937568762639592
M0129,M0082,0.8715144802568773
M0129,M0077,0.8588444348011479
M0129,M0118,0.8565381409907583
M0129,M0130,0.8498798517140789
M0129,M0086,0.8210868089033145
M0130,M0098,0.9820469703032362
M0130,M0086,0.9797009861806137
M0130,M0118,0.9364480797450484
M0130,M0073,0.9348492990757304
M0130,M0122,0.9347858680286036
M0130,M0090,0.9081873713781994
M0130,M0128,0.8835685585916748
M0130,M0077,0.8762407774803594
M0131,M0149,0.8683460097124504
M0131,M0152,0.8546256703004986
M0131,M0174,0.7326905968626213
M0131,M0164,0.7310521383639046
M0131,M0169,0.7117384559378362
M0131,M0151,0.7012350106002517
M0131,M0150,0.6712609848783023
M0131,M0171,0.5097982209343164
M0132,M0161,0.9993235468674841
M0132,M0142,0.9922075895330801
M0132,M0173,0.9663131521538234
M0132,M0146,0.9517063517273237
M0132,M0180,0.9087516676913352
M0132,M0141,0.9042585555589966
M0132,M0133,0.9002453260861846
M0132,M0145,0.8977899412329492
M0133,M0140,0.9795284614991284
M0133,M0146,0.9690642890319793
M0133,M0173,0.9309626897440711
M0133,M0165,0.9134079577273221
M0133,M0132,0.9002453260861846
M0133,M0176,0.8923808267136889
M0133,M0161,0.8866411553725642
M0133,M0141,0.8832015423553247
M0134,M0172,0.9951330936271744
M0134,M0139,0.9822142429903888
M0134,M0137,0.9431890642089394
M0134,M0167,0.9326404359704009
M0134,M0159,0.8842200210370352
M0134,M0147,0.8620454961558467
M0134,M0180,0.8498987812852983
M0134,M0143,0.8190897322064611
M0135,M0175,0.9509425822314554
M0135,M0157,0.9439909495589833
M0135,M0145,0.9262648119196099
M0135,M0138,0.9189223807734201
M0135,M0156,0.9037608735869489
M0135,M0148,0.9032330781206253
M0135,M0142,0.7577964467039702
M0135,M0160,0.7366910105165155
M0136,M0155,0.8899771409975747
M0136,M0153,0.7734513007552735
M0136,M0154,0.759098581908176
M0136,M0148,0.7179601955247421
M0136,M0177,0.7013686264227614
M0136,M0179,0.6802089544402441
M0136,M0156,0.6747983344089328
M0136,M0138,0.6070278288668347
M0137,M0167,0.9992820345962239
M0137,M0139,0.9793529405275447
M0137,M0134,0.9431890642089394
M0137,M0172,0.9217721893338612
M0137,M0180,0.9023654779256172
M0137,M0159,0.7705880653497825
M0137,M0147,0.7472872174088825
M0137,M0143,0.7432468744880292
M0138,M0156,0.9935309308208445
M0138,M0141,0.9246163277916897
M0138,M0135,0.9189223807734201
M0138,M0145,0.9111990043968229
M0138,M0173,0.8898108471039088
M0138,M0166,0.8777317603026138
M0138,M0142,0.8391392392206861
M0138,M0132,0.8383266315581065
M0139,M0134,0.9822142429903888
M0139,M0137,0.9793529405275447
M0139,M0167,0.9711616581220532
M0139,M0172,0.9612253263743357
M0139,M0180,0.9229499308060529
M0139,M0159,0.8730247277097933
M0139,M0147,0.8528771271156211
M0139,M0142,0.7681552094513125
M0140,M0133,0.9795284614991284
M0140,M0165,0.9668130306583976
M0140,M0178,0.9500599979578137
M0140,M0171,0.9489758197204795
M0140,M0146,0.9124217683038809
M0140,M0176,0.8871697388071992
M0140,M0173,0.8550352386956794
M0140,M0163,0.8409730591491469
M0141,M0173,0.9805550892069337
M0141,M0166,0.9719865023096048
M0141,M0146,0.9656984339148992
M0141,M0176,0.9333200263489106
M0141,M0163,0.9287329071016515
M0141,M0138,0.9246163277916897
M0141,M0156,0.9098980862369724
M0141,M0132,0.9042585555589966
M0142,M0161,0.9958670954090355
M0142,M0132,0.9922075895330801
M0142,M0180,0.943509525305718
M0142,M0173,0.9364392162552604
M0142,M0145,0.9330402577787505
M0142,M0146,0.9099448510825678
M0142,M0141,0.8687875837007485
M0142,M0133,0.8444473967984949
M0143,M0158,0.9072575353371366
M0143,M0172,0.8636355455494844
M0143,M0134,0.8190897322064611
M0143,M0170,0.796689318629369
M0143,M0139,0.7434618478639463
M0143,M0137,0.7432468744880292
M0143,M0167,0.7425139604802359
M0143,M0144,0.569198094273996
M0144,M0170,0.7142944380608665
M0144,M0159,0.6727750063139865
M0144,M0147,0.6652910163020067
M0144,M0172,0.6428239893812515
M0144,M0134,0.6117060362515405
M0144,M0143,0.569198094273996
M0144,M0139,0.5102194650067234
M0144,M0137,0.4110723855520881
M0145,M0175,0.933611623747331
M0145,M0142,0.9330402577787505
M0145,M0135,0.9262648119196099
M0145,M0138,0.9111990043968229
M0145,M0161,0.9058373248865871
M0145,M0132,0.8977899412329492
M0145,M0180,0.8713618380429939
M0145,M0156,0.8650401833184628
M0146,M0173,0.9913881536566829
M0146,M0133,0.9690642890319793
M0146,M0141,0.9656984339148992
M0146,M0132,0.9517063517273237
M0146,M0161,0.9401191573753607
M0146,M0176,0.9186746419258294
M0146,M0140,0.9124217683038809
M0146,M0142,0.9099448510825678
M0147,M0159,0.9987800727497723
M0147,M0134,0.8620454961558467
M0147,M0139,0.8528771271156211
M0147,M0180,0.838402492774717
M0147,M0172,0.8345930279804245
M0147,M0161,0.804675815403682
M0147,M0132,0.8005175809174132
M0147,M0142,0.78862639663687
M0148,M0135,0.9032330781206253
M0148,M0160,0.8967515889034009
M0148,M0157,0.8685637907600102
M0148,M0156,0.8125889317667433
M0148,M0138,0.7895982896130577
M0148,M0175,0.78740916233966
M0148,M0136,0.7179601955247421
M0148,M0168,0.7163781262574301
M0149,M0174,0.9673995501346611
M0149,M0151,0.9058994952473699
M0149,M0164,0.8980046391872897
M0149,M0131,0.8683460097124504
M0149,M0169,0.8340414798762493
M0149,M0150,0.79279195246809
M0149,M0178,0.7218590409672779
M0149,M0171,0.7063512534672857
M0150,M0169,0.9968351862216425
M0150,M0164,0.97076066150579
M0150,M0171,0.9529429346162238
M0150,M0151,0.9448834553925212
M0150,M0178,0.9065412109578328
M0150,M0162,0.8740300174830549
M0150,M0176,0.8280396226686801
M0150,M0140,0.8222123136736903
M0151,M0164,0.9937667593634929
M0151,M0169,0.9612202500901388
M0151,M0150,0.9448834553925212
M0151,M0178,0.9329142167164951
M0151,M0174,0.9296827037438227
M0151,M0171,0.9260086772042959
M0151,M0149,0.9058994952473699
M0151,M0165,0.8447834027031209
M0152,M0131,0.8546256703004986
M0152,M0149,0.5721673781301547
M0152,M0169,0.5439441406758179
M0152,M0150,0.5203263412785457
M0152,M0164,0.5129518290600307
M0152,M0151,0.4621708065912922
M0152,M0174,0.42667337177270404
M0152,M0162,0.4004322903071854
M0153,M0155,0.8669102697834972
M0153,M0179,0.8136883211056622
M0153,M0177,0.7741261346978956
M0153,M0136,0.7734513007552735
M0153,M0162,0.5837395245622321
M0153,M0166,0.5326490905721067
M0153,M0163,0.5237102238020389
M0153,M0176,0.46599564922016745
M0154,M0136,0.759098581908176
M0154,M0148,0.5643941013329751
M0154,M0160,0.546264141790027
M0154,M0168,0.5043250333721295
M0154,M0155,0.47245360868018776
M0154,M0153,0.423540933835701
M0154,M0156,0.33271871906835165
M0154,M0135,0.32212974691055696
M0155,M0177,0.9355501124810672
M0155,M0179,0.9246674046327118
M0155,M0136,0.8899771409975747
M0155,M0153,0.8669102697834972
M0155,M0166,0.7937638419545465
M0155,M0156,0.7771197329525773
M0155,M0163,0.7418456689026094
M0155,M0162,0.7362334526101793
M0156,M0138,0.9935309308208445
M0156,M0141,0.9098980862369724
M0156,M0135,0.9037608735869489
M0156,M0166,0.8849686847664082
M0156,M0145,0.8650401833184628
M0156,M0173,0.8561051329087972
M0156,M0148,0.8125889317667433
M0156,M0146,0.7976394513827948
M0157,M0175,0.9695485750161336
M0157,M0135,0.9439909495589833
M0157,M0148,0.8685637907600102
M0157,M0145,0.8422135216395507
M0157,M0160,0.8223324076301409
M0157,M0138,0.7556176377777769
M0157,M0156,0.7328390191687933
M0157,M0168,0.6549420341580745
M0158,M0143,0.9072575353371366
M0158,M0172,0.68992234306582
M0158,M0167,0.6755049194740386
M0158,M0137,0.664972991400852
M0158,M0134,0.6512687629106705
M0158,M0170,0.6093279705254908
M0158,M0139,0.6086856490538717
M0158,M0180,0.3994758946508434
M0159,M0147,0.9987800727497723
M0159,M0134,0.8842200210370352
M0159,M0139,0.8730247277097933
M0159,M0172,0.8587133014799349
M0159,M0180,0.8464096531882319
M0159,M0161,0.796718398853051
M0159,M0132,0.7911669683091689
M0159,M0142,0.7838434235052895
M0160,M0168,0.9387455751974351
M0160,M0148,0.8967515889034009
M0160,M0157,0.8223324076301409
M0160,M0135,0.7366910105165155
M0160,M0175,0.6850274825657129
M0160,M0156,0.5482900581544008
M0160,M0154,0.546264141790027
M0160,M0138,0.533445875165269
M0161,M0132,0.9993235468674841
M0161,M0142,0.9958670954090355
M0161,M0173,0.9572822184573966
M0161,M0146,0.9401191573753607
M0161,M0180,0.9223443122939152
M0161,M0145,0.9058373248865871
M0161,M0141,0.8917023034074764
M0161,M0133,0.8866411553725642
M0162,M0163,0.9723673346043644
M0162,M0176,0.9592515650566174
M0162,M0177,0.9164299063495694
M0162,M0179,0.9163332452392936
M0162,M0166,0.9151797040091232
M0162,M0150,0.8740300174830549
M0162,M0171,0.8472515659403657
M0162,M0169,0.8379053917554637
M0163,M0176,0.9950594140081844
M0163,M0166,0.9779780721028007
M0163,M0162,0.9723673346043644
M0163,M0141,0.9287329071016515
M0163,M0177,0.9102113056804674
M0163,M0146,0.8908778583482974
M0163,M0179,0.884269574539975
M0163,M0173,0.8740716029973252
M0164,M0151,0.9937667593634929
M0164,M0169,0.9843521623587924
M0164,M0150,0.97076066150579
M0164,M0171,0.9289117888817872
M0164,M0178,0.9171368161199432
M0164,M0174,0.8998294782411508
M0164,M0149,0.8980046391872897
M0164,M0165,0.8155676266767564
M0165,M0178,0.9743731277871094
M0165,M0140,0.9668130306583976
M0165,M0171,0.934160680830377
M0165,M0133,0.9134079577273221
M0165,M0151,0.8447834027031209
M0165,M0164,0.8155676266767564
M0165,M0150,0.802218150021662
M0165,M0146,0.7976492364570119
M0166,M0163,0.9779780721028007
M0166,M0141,0.9719865023096048
M0166,M0176,0.9667197638068065
M0166,M0177,0.9185335650818948
M0166,M0162,0.9151797040091232
M0166,M0173,0.9142592106038449
M0166,M0146,0.9070697897061258
M0166,M0156,0.8849686847664082
M0167,M0137,0.9992820345962239
M0167,M0139,0.9711616581220532
M0167,M0134,0.9326404359704009
M0167,M0172,0.9116601804898192
M0167,M0180,0.8928401835340184
M0167,M0159,0.7492604130431706
M0167,M0143,0.7425139604802359
M0167,M0147,0.7255046810881335
M0168,M0160,0.9387455751974351
M0168,M0148,0.7163781262574301
M0168,M0157,0.6549420341580745
M0168,M0135,0.5304784693195984
M0168,M0175,0.505234342682925
M0168,M0154,0.5043250333721295
M0168,M0136,0.3718036087663554
M0168,M0156,0.3486887556181945
M0169,M0150,0.9968351862216425
M0169,M0164,0.9843521623587924
M0169,M0151,0.9612202500901388
M0169,M0171,0.9399803357520189
M0169,M0178,0.9004368651791425
M0169,M0162,0.8379053917554637
M0169,M0149,0.8340414798762493
M0169,M0174,0.8179859451876378
M0170,M0143,0.796689318629369
M0170,M0144,0.7142944380608665
M0170,M0158,0.6093279705254908
M0170,M0172,0.5973459794608347
M0170,M0134,0.5388564030137212
M0170,M0139,0.4322206991157913
M0170,M0159,0.39769645033883716
M0170,M0137,0.3919232618334533
M0171,M0178,0.9835767751954868
M0171,M0150,0.9529429346162238
M0171,M0140,0.9489758197204795
M0171,M0169,0.9399803357520189
M0171,M0165,0.934160680830377
M0171,M0164,0.9289117888817872
M0171,M0151,0.9260086772042959
M0171,M0133,0.878436687976594
M0172,M0134,0.9951330936271744
M0172,M0139,0.9612253263743357
M0172,M0137,0.9217721893338612
M0172,M0167,0.9116601804898192
M0172,M0143,0.8636355455494844
M0172,M0159,0.8587133014799349
M0172,M0147,0.8345930279804245
M0172,M0180,0.799602658196515
M0173,M0146,0.9913881536566829
M0173,M0141,0.9805550892069337
M0173,M0132,0.9663131521538234
M0173,M0161,0.9572822184573966
M0173,M0142,0.9364392162552604
M0173,M0133,0.9309626897440711
M0173,M0166,0.9142592106038449
M0173,M0176,0.8950582216728306
M0174,M0149,0.9673995501346611
M0174,M0151,0.9296827037438227
M0174,M0164,0.8998294782411508
M0174,M0169,0.8179859451876378
M0174,M0178,0.7964186473722058
M0174,M0150,0.7810201794013877
M0174,M0171,0.7523270250229736
M0174,M0131,0.7326905968626213
M0175,M0157,0.9695485750161336
M0175,M0135,0.9509425822314554
M0175,M0145,0.933611623747331
M0175,M0138,0.8078879583323113
M0175,M0148,0.78740916233966
M0175,M0156,0.7688522454161019
M0175,M0142,0.7675615357810819
M0175,M0180,0.7467709471845748
M0176,M0163,0.9950594140081844
M0176,M0166,0.9667197638068065
M0176,M0162,0.9592515650566174
M0176,M0141,0.9333200263489106
M0176,M0146,0.9186746419258294
M0176,M0173,0.8950582216728306
M0176,M0133,0.8923808267136889
M0176,M0140,0.8871697388071992
M0177,M0179,0.9925846297469607
M0177,M0155,0.9355501124810672
M0177,M0166,0.9185335650818948
M0177,M0162,0.9164299063495694
M0177,M0163,0.9102113056804674
M0177,M0176,0.8674604458112711
M0177,M0141,0.8135013337580358
M0177,M0156,0.7855645696391953
M0178,M0171,0.9835767751954868
M0178,M0165,0.9743731277871094
M0178,M0140,0.9500599979578137
M0178,M0151,0.9329142167164951
M0178,M0164,0.9171368161199432
M0178,M0150,0.9065412109578328
M0178,M0169,0.9004368651791425
M0178,M0133,0.871990848206464
M0179,M0177,0.9925846297469607
M0179,M0155,0.9246674046327118
M0179,M0162,0.9163332452392936
M0179,M0163,0.884269574539975
M0179,M0166,0.8759724425660341
M0179,M0176,0.8383289091458803
M0179,M0153,0.8136883211056622
M0179,M0141,0.7547005012371408
M0180,M0142,0.943509525305718
M0180,M0139,0.9229499308060529
M0180,M0161,0.9223443122939152
M0180,M0132,0.9087516676913352
M0180,M0137,0.9023654779256172
M0180,M0167,0.8928401835340184
M0180,M0145,0.8713618380429939
M0180,M0134,0.8498987812852983
M0181,M0200,0.6749996489144908
M0181,M0216,0.606044104324414
M0181,M0211,0.47854213855520433
M0181,M0182,0.4172705422358441
M0181,M0168,0.34235819110205523
M0181,M0188,0.3299728557286254
M0181,M0195,0.2347837068127016
M0181,M0204,0.21829888559683583
M0182,M0188,0.9502618459469802
M0182,M0204,0.8984251632753666
M0182,M0200,0.86399995538807
M0182,M0211,0.8590964281088619
M0182,M0197,0.8565583136219799
M0182,M0216,0.8560395396933056
M0182,M0184,0.8513179333087505
M0182,M0195,0.8085930375908055
M0183,M0202,0.9672636200139361
M0183,M0215,0.9041995595046542
M0183,M0196,0.8844935472367194
M0183,M0219,0.8751425858420261
M0183,M0212,0.8663117620859608
M0183,M0192,0.8628739609538323
M0183,M0189,0.8305780529639544
M0183,M0205,0.8142874169247376
M0184,M0195,0.9804766328315384
M0184,M0187,0.942251499096237
M0184,M0215,0.924810529498607
M0184,M0219,0.9218228232942961
M0184,M0213,0.8865915963808437
M0184,M0191,0.8790371438758284
M0184,M0182,0.8513179333087505
M0184,M0196,0.8477109175670811
M0185,M0207,0.995796420577927
M0185,M0201,0.9727840258542534
M0185,M0210,0.9181299643062826
M0185,M0208,0.9165167693727215
M0185,M0212,0.9050202483697921
M0185,M0203,0.8575585251093242
M0185,M0214,0.8309994539999487
M0185,M0198,0.7921212730809379
M0186,M0193,0.9137471368677447
M0186,M0203,0.8071047683346055
M0186,M0220,0.805687593426905
M0186,M0190,0.7321337382386802
M0186,M0207,0.5620651113567102
M0186,M0185,0.5348947653880578
M0186,M0094,0.4571204768063359
M0186,M0198,0.4409027729783903
M0187,M0191,0.9868190247512466
M0187,M0213,0.9759031091504873
M0187,M0195,0.9646095962737502
M0187,M0215,0.9494816168674447
M0187,M0184,0.942251499096237
M0187,M0202,0.8674600989578716
M0187,M0209,0.8667757499935465
M0187,M0219,0.8201294950519287
M0188,M0204,0.9617664356530312
M0188,M0182,0.9502618459469802
M0188,M0197,0.9393598461563083
M0188,M0211,0.916016814116472
M0188,M0216,0.8604948904977571
M0188,M0219,0.7905639907298767
M0188,M0196,0.7781659906377845
M0188,M0184,0.7551187167237713
M0189,M0192,0.9914234590384337
M0189,M0206,0.964897120680485
M0189,M0218,0.8951843735481401
M0189,M0210,0.8724726435597315
M0189,M0183,0.8305780529639544
M0189,M0212,0.7969114950992061
M0189,M0217,0.7895502515024638
M0189,M0201,0.7724148210654753
M0190,M0220,0.9574085813609836
M0190,M0193,0.9347977239093563
M0190,M0203,0.831716921274211
M0190,M0186,0.7321337382386802
M0190,M0206,0.6471805422438655
M0190,M0217,0.6212807433582604
M0190,M0210,0.5941540970287802
M0190,M0207,0.5899477748340439
M0191,M0187,0.9868190247512466
M0191,M0213,0.9791677831751723
M0191,M0215,0.923325853669603
M0191,M0195,0.9179704873885753
M0191,M0209,0.9128069066185417
M0191,M0184,0.8790371438758284
M0191,M0202,0.8536766426616612
M0191,M0205,0.7944659405346244
M0192,M0189,0.9914234590384337
M0192,M0206,0.9560855720157069
M0192,M0210,0.9204025625354366
M0192,M0183,0.8628739609538323
M0192,M0212,0.8628219644585472
M0192,M0201,0.8389675368333324
M0192,M0218,0.8346140305386045
M0192,M0202,0.7580389810653263
M0193,M0220,0.9479077034253668
M0193,M0190,0.9347977239093563
M0193,M0186,0.9137471368677447
M0193,M0203,0.872995265979682
M0193,M0207,0.6051940251377232
M0193,M0185,0.5612499267035005
M0193,M0210,0.5341221070262212
M0193,M0206,0.49963034354829794
M0194,M0209,0.43338339522215596
M0194,M0205,0.41616275874327746
M0194,M0191,0.3331358701374556
M0194,M0213,0.2986873563346812
M0194,M0187,0.2582047899734338
M0194,M0202,0.21650991221965035
M0194,M0215,0.21064924478000857
M0194,M0218,0.20395785397643068
M0195,M0184,0.9804766328315384
M0195,M0187,0.9646095962737502
M0195,M0213,0.9476344681669691
M0195,M0191,0.9179704873885753
M0195,M0215,0.8921470039342384
M0195,M0219,0.8364256949010765
M0195,M0182,0.8085930375908055
M0195,M0209,0.8068659117694932
M0196,M0219,0.9852800144518017
M0196,M0197,0.9241124565206068
M0196,M0204,0.9091849190457333
M0196,M0183,0.8844935472367194
M0196,M0215,0.8617093520444185
M0196,M0202,0.8483113388156984
M0196,M0184,0.8477109175670811
M0196,M0212,0.830463292152376
M0197,M0204,0.9956259918798424
M0197,M0188,0.9393598461563083
M0197,M0196,0.9241124565206068
M0197,M0219,0.9064572482651609
M0197,M0182,0.8565583136219799
M0197,M0184,0.7868324401898643
M0197,M0211,0.7541050139602575
M0197,M0199,0.7328332719852447
M0198,M0214,0.9442402288888646
M0198,M0208,0.9006379515624776
M0198,M0199,0.8691087518487114
M0198,M0185,0.7921212730809379
M0198,M0207,0.7491181677364386
M0198,M0201,0.6817947603846037
M0198,M0212,0.6202537079852155
M0198,M0203,0.5918601607976747
M0199,M0214,0.9410240544405712
M0199,M0198,0.8691087518487114
M0199,M0208,0.862056028087961
M0199,M0197,0.7328332719852447
M0199,M0204,0.6890495124193838
M0199,M0185,0.6338623980982585
M0199,M0188,0.6304145337092324
M0199,M0196,0.6067686362794262
M0200,M0182,0.86399995538807
M0200,M0216,0.808319644799642
M0200,M0211,0.7220045682310164
M0200,M0195,0.7151466976262405
M0200,M0188,0.7133687666206856
M0200,M0184,0.6858034099285026
M0200,M0181,0.6749996489144908
M0200,M0204,0.6043905839072921
M0201,M0210,0.9748313337889593
M0201,M0207,0.9741806707433495
M0201,M0185,0.9727840258542534
M0201,M0212,0.9707598148931225
M0201,M0208,0.8781858782460514
M0201,M0192,0.8389675368333324
M0201,M0203,0.7997441603869816
M0201,M0206,0.7800517796957768
M0202,M0215,0.9726512199616653
M0202,M0183,0.9672636200139361
M0202,M0205,0.8847882258852543
M0202,M0219,0.8774731171246049
M0202,M0187,0.8674600989578716
M0202,M0191,0.8536766426616612
M0202,M0196,0.8483113388156984
M0202,M0184,0.8251323297571644
M0203,M0220,0.9524741591919818
M0203,M0207,0.8907078600606535
M0203,M0193,0.872995265979682
M0203,M0185,0.8575585251093242
M0203,M0190,0.831716921274211
M0203,M0210,0.808852906116306
M0203,M0186,0.8071047683346055
M0203,M0201,0.7997441603869816
M0204,M0197,0.9956259918798424
M0204,M0188,0.9617664356530312
M0204,M0196,0.9091849190457333
M0204,M0219,0.905210479899922
M0204,M0182,0.8984251632753666
M0204,M0184,0.8148846135419426
M0204,M0211,0.7876271184007791
M0204,M0195,0.7149675566679309
M0205,M0202,0.8847882258852543
M0205,M0215,0.8173223154083664
M0205,M0183,0.8142874169247376
M0205,M0191,0.7944659405346244
M0205,M0187,0.7453881389350756
M0205,M0189,0.739562945747959
M0205,M0218,0.7136277717676229
M0205,M0192,0.7108824650315496
M0206,M0189,0.964897120680485
M0206,M0192,0.9560855720157069
M0206,M0210,0.891378808459582
M0206,M0218,0.8766022150656232
M0206,M0217,0.8642086306823626
M0206,M0201,0.7800517796957768
M0206,M0212,0.7543747117089058
M0206,M0207,0.7230741143200499
M0207,M0185,0.995796420577927
M0207,M0201,0.9741806707433495
M0207,M0210,0.9372387664161257
M0207,M0212,0.8972210312690889
M0207,M0203,0.8907078600606535
M0207,M0208,0.878551219995641
M0207,M0214,0.7827124665542609
M0207,M0220,0.7538338557625629
M0208,M0214,0.9772342484919117
M0208,M0185,0.9165167693727215
M0208,M0198,0.9006379515624776
M0208,M0207,0.878551219995641
M0208,M0201,0.8781858782460514
M0208,M0212,0.8637238661403331
M0208,M0199,0.862056028087961
M0208,M0210,0.7630521534524808
M0209,M0213,0.944648073119269
M0209,M0191,0.9128069066185417
M0209,M0187,0.8667757499935465
M0209,M0195,0.8068659117694932
M0209,M0215,0.7112194702277174
M0209,M0184,0.7099838688622264
M0209,M0205,0.6294799247819316
M0209,M0202,0.6177956613773997
M0210,M0201,0.9748313337889593
M0210,M0212,0.942299807967713
M0210,M0207,0.9372387664161257
M0210,M0192,0.9204025625354366
M0210,M0185,0.9181299643062826
M0210,M0206,0.891378808459582
M0210,M0189,0.8724726435597315
M0210,M0203,0.808852906116306
M0211,M0216,0.976935699094056
M0211,M0188,0.916016814116472
M0211,M0182,0.8590964281088619
M0211,M0204,0.7876271184007791
M0211,M0197,0.7541050139602575
M0211,M0200,0.7220045682310164
M0211,M0219,0.5448036636479968
M0211,M0184,0.5436968810955658
M0212,M0201,0.9707598148931225
M0212,M0210,0.942299807967713
M0212,M0185,0.9050202483697921
M0212,M0207,0.8972210312690889
M0212,M0183,0.8663117620859608
M0212,M0208,0.8637238661403331
M0212,M0192,0.8628219644585472
M0212,M0196,0.830463292152376
M0213,M0191,0.9791677831751723
M0213,M0187,0.9759031091504873
M0213,M0195,0.9476344681669691
M0213,M0209,0.944648073119269
M0213,M0184,0.8865915963808437
M0213,M0215,0.8641732875860632
M0213,M0202,0.7612986291365023
M0213,M0219,0.7060610207978502
M0214,M0208,0.9772342484919117
M0214,M0198,0.9442402288888646
M0214,M0199,0.9410240544405712
M0214,M0185,0.8309994539999487
M0214,M0207,0.7827124665542609
M0214,M0201,0.7697596964381123
M0214,M0212,0.7569867997848034
M0214,M0197,0.6965653184057603
M0215,M0202,0.9726512199616653
M0215,M0187,0.9494816168674447
M0215,M0184,0.924810529498607
M0215,M0191,0.923325853669603
M0215,M0219,0.9157404418013556
M0215,M0183,0.9041995595046542
M0215,M0195,0.8921470039342384
M0215,M0213,0.8641732875860632
M0216,M0211,0.976935699094056
M0216,M0188,0.8604948904977571
M0216,M0182,0.8560395396933056
M0216,M0200,0.808319644799642
M0216,M0204,0.7104178384049142
M0216,M0197,0.6666100528063216
M0216,M0181,0.606044104324414
M0216,M0184,0.5315174770946215
M0217,M0218,0.9164508584090036
M0217,M0206,0.8642086306823626
M0217,M0189,0.7895502515024638
M0217,M0192,0.732325237758856
M0217,M0190,0.6212807433582604
M0217,M0210,0.6003747360037618
M0217,M0220,0.5692871527594914
M0217,M0203,0.47556202218239935
M0218,M0217,0.9164508584090036
M0218,M0189,0.8951843735481401
M0218,M0206,0.8766022150656232
M0218,M0192,0.8346140305386045
M0218,M0205,0.7136277717676229
M0218,M0210,0.632509859345034
M0218,M0183,0.6146267617666977
M0218,M0202,0.5658701162217517
M0219,M0196,0.9852800144518017
M0219,M0184,0.9218228232942961
M0219,M0215,0.9157404418013556
M0219,M0197,0.9064572482651609
M0219,M0204,0.905210479899922
M0219,M0202,0.8774731171246049
M0219,M0183,0.8751425858420261
M0219,M0195,0.8364256949010765
M0220,M0190,0.9574085813609836
M0220,M0203,0.9524741591919818
M0220,M0193,0.9479077034253668
M0220,M0186,0.805687593426905
M0220,M0207,0.7538338557625629
M0220,M0210,0.721129328502246
M0220,M0185,0.705298541949306
M0220,M0206,0.6930842078296165
